{"cameraMode":{"drawMode":0,"name":"Shaded","section":"Shading Mode"},"sceneLighting":true,"audioPlay":false,"sceneViewState":{"showFog":true,"showMaterialUpdate":false,"showSkybox":true,"showFlares":true,"showImageEffects":true,"showParticleSystems":true,"showVisualEffectGraphs":true,"m_FxEnabled":true},"in2DMode":false,"pivot":{"x":-0.1015108972787857,"y":-2.5813870429992677,"z":32.188209533691409},"rotation":{"x":-0.10659830272197724,"y":-0.0038921276573091747,"z":0.00033790082670748234,"w":-0.9941926002502441},"size":17.401578903198243,"orthographic":false}