{"cameraMode":{"drawMode":0,"name":"Shaded","section":"Shading Mode"},"sceneLighting":true,"audioPlay":false,"sceneViewState":{"showFog":true,"showMaterialUpdate":false,"showSkybox":true,"showFlares":true,"showImageEffects":true,"showParticleSystems":true,"showVisualEffectGraphs":true,"m_FxEnabled":true},"in2DMode":false,"pivot":{"x":-31.515716552734376,"y":-1.5604867935180665,"z":43.965023040771487},"rotation":{"x":-0.032345373183488849,"y":0.3679586350917816,"z":-0.012846305035054684,"w":-0.9291045665740967},"size":25.755775451660158,"orthographic":false}